"R2890",2890
"R1519",1519
"R3155",3155
"R4433",4433
"R3332",3332
"R2933",2933
"R2903",2903
"R1025",1025
"R4958",4958
"R3626",3626
"R2788",2788
"R1515",1515
"R1854",1854
"R1877",1877
"R4220",4220
"R1190",1190
"R2310",2310
"R2637",2637
"R3757",3757
"R3591",3591
"R1263",1263
"R0324",0324
"R3606",3606
"R0351",0351
"R3629",3629
"R3169",3169
"R4246",4246
"R2826",2826
"R0913",0913
"R3418",3418
"R4333",4333
"R1436",1436
"R0562",0562
"R4635",4635
"R4414",4414
"R2424",2424
"R3764",3764
"R4551",4551
"R2330",2330
"R1916",1916
"R4320",4320
"R1967",1967
"R4215",4215
"R2535",2535
"R1872",1872
"R2093",2093
"R0577",0577
"R1809",1809
"R1701",1701
"R0470",0470
"R3366",3366
"R0576",0576
"R4025",4025
"R4028",4028
"R0841",0841
"R1957",1957
"R2427",2427
"R4371",4371
"R1188",1188
"R3476",3476
"R1696",1696
"R0962",0962
"R2302",2302
"R0772",0772
"R1016",1016
"R4368",4368
"R4682",4682
"R2671",2671
"R4909",4909
"R0557",0557
"R2835",2835
"R1191",1191
"R3485",3485
"R4802",4802
"R2104",2104
"R1545",1545
"R3647",3647
"R3935",3935
"R3578",3578
"R4674",4674
"R3316",3316
"R1380",1380
"R4315",4315
"R1815",1815
"R4916",4916
"R3431",3431
"R3470",3470
"R0687",0687
"R2669",2669
"R1172",1172
"R3918",3918
"R4741",4741
"R0656",0656
"R1348",1348
"R4840",4840
"R3337",3337
"R3804",3804
"R1091",1091
"R4929",4929
"R4437",4437
